date,action,price,qty,fee
2012-08-08,BUY,1.6676659999999996,59946.06173976134,29.991002699190243
2012-08-14,SELL,1.634364,59946.06173976134,29.392105574772987
2012-09-10,BUY,1.6046029999999998,61021.27359108023,29.37447560042043
2012-09-18,SELL,1.523475,61021.27359108023,27.889315435251284
2012-09-28,BUY,1.5155139999999998,61305.02448797646,27.872586864561338
2012-10-29,SELL,1.513485,61305.02448797646,27.835270496155513
2012-11-02,BUY,1.5785769999999997,58741.88027720296,27.818574342703858
2012-11-07,SELL,1.561437,58741.88027720296,27.516523594318482
2012-12-06,BUY,1.4834819999999997,61791.60163195037,27.50001863165069
2013-02-22,SELL,1.877121,61791.60163195037,34.79709391409049
2013-03-21,BUY,1.8848829999999999,61500.230906180856,34.77622191934046
2013-03-27,SELL,1.844154,61500.230906180856,34.02476904796711
2013-04-22,BUY,1.8128109999999997,62526.025987927,34.00436030915997
2013-04-24,SELL,1.727271,62526.025987927,32.3998174302578
2013-04-25,BUY,1.7607589999999997,61300.04800963244,32.38038337001771
2013-04-26,SELL,1.753245,61300.04800963244,32.242200801794404
2013-05-06,BUY,1.7777759999999998,60417.925323867064,32.222861283168925
2013-06-05,SELL,1.845153,60417.925323867064,33.44409484953278
2013-07-12,BUY,1.6456439999999997,67702.03521287047,33.42403441075469
2013-07-22,SELL,1.474524,67702.03521287047,29.94848273106678
2013-07-24,BUY,1.5825809999999998,63041.57371310601,29.9305190305383
2013-07-29,SELL,1.5194789999999998,63041.57371310601,28.737104215204976
2013-08-02,BUY,1.6005989999999999,59810.664890255204,28.719867123803272
2013-09-27,SELL,1.712286,59810.664890255204,30.723889242682656
2013-10-09,BUY,1.7677659999999997,57898.80266539524,30.705460437778516
2013-10-11,SELL,1.76823,57898.80266539524,30.713519951109546
2013-10-14,BUY,1.8058039999999997,56660.07563374255,30.69509736591444
2013-10-17,SELL,1.7632349999999999,56660.07563374255,29.971508538018607
2013-10-22,BUY,1.8058039999999997,55291.21843815713,29.95353102614936
2013-10-24,SELL,1.7452530000000002,55291.21843815713,28.949149455854712
2013-11-19,BUY,1.7507489999999999,55084.58603615807,28.931785175465308
2013-12-12,SELL,1.739259,55084.58603615807,28.741908607398674
2014-01-23,BUY,1.5645629999999997,61198.491494059796,28.724668634226195
2014-01-24,SELL,1.544454,61198.491494059796,28.355476494589986
2014-01-27,BUY,1.55155,60882.06054407586,28.338468311148265
2014-01-28,SELL,1.542456,60882.06054407586,28.17236987357192
2014-02-11,BUY,1.5905889999999998,59004.28818329459,28.155471521153505
2014-02-25,SELL,1.531467,59004.28818329459,27.108936063361682
2014-03-24,BUY,1.48148,60958.58101328563,27.092675579868715
2014-04-22,SELL,1.4975010000000002,60958.58101328563,27.385660807792874
2014-05-26,BUY,1.484483,61456.265333337746,27.369234339248763
2014-06-05,SELL,1.450548,61456.265333337746,26.743578830022717
2014-06-06,BUY,1.476475,60340.87380444454,26.727537495125176
2014-06-09,SELL,1.4515470000000001,60340.87380444454,26.27628430446602
2014-06-11,BUY,1.4834819999999997,59006.49791548089,26.26052326219602
2014-06-20,SELL,1.45854,59006.49791548089,25.81900124089365
2014-06-25,BUY,1.48148,58057.96565186059,25.803514486175523
2014-06-26,SELL,1.474524,58057.96565186059,25.682359123453224
2014-06-27,BUY,1.482481,57711.71059284484,25.66695432941736
2014-07-10,SELL,1.494504,57711.71059284484,25.875114698354693
2014-07-14,BUY,1.5055039999999997,57255.67492272687,25.859594285659487
2014-08-26,SELL,1.702296,57255.67492272687,29.239831919477474
2014-09-02,BUY,1.7217199999999997,56575.7755459987,29.222293281917057
2014-09-23,SELL,1.7452530000000002,56575.7755459987,29.621712599694263
2014-09-24,BUY,1.7607589999999997,56043.90853119522,29.603944902443626
2014-10-22,SELL,1.7972009999999998,56043.90853119522,30.21665053685177
2014-10-30,BUY,1.8148129999999998,55466.73584531951,30.198525983895543
2015-01-20,SELL,2.666331,55466.73584531951,44.36780317595598
2015-01-22,BUY,2.904902,50880.8793754601,44.34119047785983
2015-01-29,SELL,2.811186,50880.8793754601,42.91068473039465
2015-02-16,BUY,2.8178149999999995,50730.73290376076,42.884946041163175
2015-05-07,SELL,3.86613,50730.73290376076,58.839482520364975
2015-05-12,BUY,4.037033,48553.966422686535,58.804189418783245
2015-05-18,SELL,3.928068,48553.966422686535,57.216984533408834
2015-05-20,BUY,4.100096,46488.882730759804,57.182664638657194
2015-06-17,SELL,4.391604,46488.882730759804,61.248229006780704
2015-07-21,BUY,3.4964929999999996,58355.13002195006,61.21149109075146
2015-07-28,SELL,3.077919,58355.13002195006,53.883709032609154
2015-08-11,BUY,3.4974939999999997,51323.78449955728,53.851388503348375
2015-08-19,SELL,3.150846,51323.78449955728,48.514002328587615
2015-09-22,BUY,2.6996969999999996,59864.62265591523,48.4849026570919
2015-09-24,SELL,2.6763209999999997,59864.62265591523,48.0650840313305
2015-10-09,BUY,2.6916889999999998,59487.12701706637,48.0362536300321
2015-11-04,SELL,2.863134,59487.12701706637,51.095884777464384
2015-11-05,BUY,3.058055,55661.99914771406,51.06523644109881
2015-11-30,SELL,2.971026,55661.99914771406,49.611974003950884
2015-12-04,BUY,3.1451419999999994,52548.99539991687,49.58221574702559
2015-12-07,SELL,3.0879090000000002,52548.99539991687,48.67995475090857
2015-12-15,BUY,3.1321289999999995,51776.02363314959,48.650755537821944
2015-12-16,SELL,3.10689,51776.02363314959,48.25872301967884
2015-12-18,BUY,3.1701669999999993,50712.130170463155,48.22977646983199
2015-12-29,SELL,3.12687,50712.130170463155,47.571071539834826
2015-12-30,BUY,3.175172,49910.72132694516,47.54253745713573
2016-01-04,SELL,3.131865,49910.72132694516,46.89409237458393
2016-02-18,BUY,2.4874849999999995,62802.34099577725,46.86596435756428
2016-02-26,SELL,2.3336639999999997,62802.34099577725,43.967868689270844
2016-03-03,BUY,2.460458,59530.239058338055,43.941495879900096
2016-03-11,SELL,2.38761,59530.239058338055,42.64049822342355
2016-03-15,BUY,2.470468,57499.121080806406,42.61492159747729
2016-04-21,SELL,2.554443,57499.121080806406,44.06346820530551
2016-05-04,BUY,2.6106079999999996,56228.32950973859,44.037038053427885
2016-05-09,SELL,2.5274699999999997,56228.32950973859,42.63462479579369
2016-06-01,BUY,2.5825799999999997,54995.45892459881,42.60905169284711
2016-06-14,SELL,2.472525,54995.45892459881,40.7932941232631
2016-06-16,BUY,2.5345319999999996,53617.82173511048,40.76882548737991
2016-06-17,SELL,2.513484,53617.82173511048,40.430261113815725
2016-06-20,BUY,2.5325299999999995,53182.667441138394,40.40601023241186
2016-06-22,SELL,2.516481,53182.667441138394,40.149951643483014
2016-06-23,BUY,2.54254,52606.01458557293,40.12586889732078
2016-06-24,SELL,2.5274699999999997,52606.01458557293,39.88803710537939
2016-06-28,BUY,2.5285259999999994,52552.503528155066,39.864111460809525
2016-07-28,SELL,2.652345,52552.503528155066,41.816210991115334
2016-08-09,BUY,2.695693,51676.419618481836,41.79112878918124
2016-09-02,SELL,2.75724,51676.419618481836,42.74528736865885
2016-09-07,BUY,2.819817,50499.31477596104,42.71964788808184
2016-09-12,SELL,2.74725,50499.31477596104,41.62027275547769
2016-10-11,BUY,2.7747719999999996,49968.43954653653,41.59530808122666
2016-12-06,SELL,2.929068,49968.43954653653,43.908287185708396
2016-12-12,BUY,2.9679649999999995,49283.9932574658,43.88195011451834
2016-12-13,SELL,2.859138,49283.9932574658,42.27292137424927
2017-01-05,BUY,2.8378349999999997,49624.173860552764,42.24756522826851
2017-01-12,SELL,2.793204,49624.173860552764,41.58313227719742
2017-01-19,BUY,2.8017989999999995,49442.268914306034,41.55818988055011
2017-03-06,SELL,2.8861109999999996,49442.268914306034,42.808762853561
2017-03-07,BUY,2.9069039999999995,49059.16546620874,42.7830852991152
2017-03-10,SELL,2.878119,49059.16546620874,42.35943487573176
2017-03-14,BUY,2.9239209999999995,48261.70843559942,42.33402683721788
2017-03-20,SELL,2.9020949999999996,48261.70843559942,42.01801882272326
2017-03-22,BUY,2.9189159999999994,47954.80647884893,41.99281557240473
2017-03-23,SELL,2.912085,47954.80647884893,41.89454178748763
2017-03-24,BUY,2.9259229999999996,47699.3785108392,41.869412601171035
2017-03-31,SELL,2.891106,47699.3785108392,41.371187822687475
2017-04-05,BUY,2.9419389999999996,46847.076655423865,41.346372554574295
2017-04-18,SELL,2.9300669999999998,46847.076655423865,41.17952200635834
2017-05-17,BUY,2.8978949999999997,47338.75416839403,41.15482170324545
2017-05-19,SELL,2.85714,47338.75416839403,40.57603442540559
2017-05-22,BUY,2.8708679999999998,47084.12938322267,40.551696106246105
2017-08-07,SELL,3.2137830000000003,47084.12938322267,45.39545237448045
2017-08-08,BUY,3.252249,46499.33350919787,45.368223271786576
2017-08-11,SELL,3.209787,46499.33350919787,44.77588686194631
2017-08-18,BUY,3.235232,46105.945814778876,44.7490293870716
2017-09-25,SELL,3.3506460000000002,46105.945814778876,46.345410876151675
2017-10-09,BUY,3.4404369999999993,44875.706166879434,46.31761196929804
2017-11-28,SELL,3.5424539999999998,44875.706166879434,47.69103744410601
2017-12-12,BUY,3.5925889999999994,44222.918720966736,47.662431403451734
2017-12-13,SELL,3.524472,44222.918720966736,46.758731637096915
2017-12-22,BUY,3.5865829999999996,43431.01759359084,46.73068481216213
2017-12-28,SELL,3.492504,43431.01759359084,45.504900800905915
2018-01-02,BUY,3.5545509999999996,42647.30486715107,45.477606048851
2018-02-02,SELL,3.717279,42647.30486715107,47.55957923677753
2018-03-07,BUY,3.5845809999999996,44199.54247315775,47.53105204739228
2018-03-08,SELL,3.549447,44199.54247315775,47.0651800298167
2018-03-09,BUY,3.6025989999999997,43521.31094892925,47.03694939099046
2018-03-22,SELL,3.5634330000000003,43521.31094892925,46.525582691602736
2018-05-08,BUY,3.3493459999999997,46275.3780529901,46.49767571408105
2018-05-25,SELL,3.32667,46275.3780529901,46.18287357226217
2018-06-13,BUY,3.3363329999999998,46113.67446289378,46.15517215854293
2018-06-14,SELL,3.2927039999999996,46113.67446289378,45.55160410760045
2018-07-16,BUY,3.0450419999999996,49834.32230925505,45.52428134196557
2018-07-18,SELL,3.0099869999999997,49834.32230925505,45.0001986914003
2018-07-23,BUY,3.0440409999999996,49247.26339077118,44.973206669791935
2018-08-02,SELL,2.9920050000000002,49247.26339077118,44.20441749045129
2018-08-28,BUY,2.9879849999999997,49283.94084348466,44.17790279436585
2018-09-03,SELL,2.894103,49283.94084348466,42.789840314085446
2018-09-05,BUY,2.9239209999999995,48752.08565228941,42.76417410975831
2018-09-06,SELL,2.859138,48752.08565228941,41.81668220031463
2018-09-20,BUY,2.8938909999999995,48137.72612230363,41.7915997157398
2018-10-09,SELL,2.856141,48137.72612230363,41.24643996740472
2018-10-23,BUY,2.863861,47979.166965571814,41.22169952555683
2018-10-24,SELL,2.744253,47979.166965571814,39.5000918648314
2018-11-05,BUY,2.8538509999999997,46108.9231329838,39.476398917596676
2018-11-12,SELL,2.728269,46108.9231329838,37.73926368213077
2018-11-13,BUY,2.7417389999999995,45854.87156746339,37.71662691495165
2018-11-26,SELL,2.701296,45854.87156746339,37.160274343710775
2018-12-04,BUY,2.827825,43776.85425600698,37.13798486594788
2018-12-07,SELL,2.752245,43776.85425600698,36.145388472547175
2018-12-14,BUY,2.7867839999999995,43208.35742763261,36.1237077436823
2018-12-17,SELL,2.7292680000000002,43208.35742763261,35.37815617794
2019-01-10,BUY,2.6426399999999997,44597.99752065044,35.35693565039149
2019-03-26,SELL,3.314682,44597.99752065044,44.34845388532339
2019-04-01,BUY,3.4674639999999997,42607.36645313867,44.3218527933198
2019-04-26,SELL,3.485511,42607.36645313867,44.55253333603374
2019-06-12,BUY,3.2952919999999994,45039.82230111223,44.525809833083
2019-07-11,SELL,3.404592,45039.82230111223,46.002665606336485
2019-07-15,BUY,3.414411,44883.36083438608,45.9750722849691
2019-07-17,SELL,3.408588,44883.36083438608,45.89666554192751
2019-07-25,BUY,3.4444409999999994,44389.530649070475,45.86913580152447
2019-08-02,SELL,3.35664,44389.530649070475,44.699902247368776
2019-08-20,BUY,3.4244209999999993,43484.811349217576,44.673090349589685
2019-09-26,SELL,3.5154810000000003,43484.811349217576,45.86100842602763
2019-10-14,BUY,3.5755719999999998,42728.361665842356,45.83350007347778
2019-10-21,SELL,3.488508,42728.361665842356,44.71746944945531
2019-10-23,BUY,3.5295259999999993,42206.46720883214,44.690647014516124
2019-10-24,SELL,3.501495,42206.46720883214,44.3357201698169
2019-10-28,BUY,3.5435399999999997,41680.660879376024,44.309126715751226
2019-10-31,SELL,3.522474,41680.660879376024,44.045713275125756
2019-11-04,BUY,3.598595,40774.51873394229,44.01929377301131
2019-11-12,SELL,3.528468,40774.51873394229,43.16147537043477
2019-11-20,BUY,3.5835799999999995,40123.36476553992,43.135586251948055
2019-11-21,SELL,3.5264699999999998,40123.36476553992,42.448152643420066
2019-12-09,BUY,3.5395359999999996,39951.27364171461,42.422691390209984
2020-01-22,SELL,3.717279,39951.27364171461,44.55300915947977
2020-02-18,BUY,3.6926889999999997,40193.190175795644,44.526285371120586
2020-03-02,SELL,3.57642,40193.190175795644,43.12431876255572
2020-03-03,BUY,3.7527489999999997,38281.67203237551,43.09845193134753
2020-03-10,SELL,3.6203760000000003,38281.67203237551,41.57821399976505
2020-03-11,BUY,3.7137099999999994,37297.18130315252,41.55327455319916
2020-03-12,SELL,3.601395,37297.18130315252,40.29656467778009
2020-04-08,BUY,3.401398,39466.51150515141,40.272393990179694
2020-05-25,SELL,3.440556,39466.51150515141,40.73602288743531
2020-06-02,BUY,3.6035999999999997,37658.257116945904,40.71158860398787
2020-07-27,SELL,4.210785,37658.257116945904,47.571247258253706
2020-07-30,BUY,4.386381999999999,36129.026207441726,47.54271307015519
2020-07-31,SELL,4.337657999999999,36129.026207441726,47.01460786827577
2020-08-03,BUY,4.426422,35383.286669343164,46.98640756364618
2020-08-13,SELL,4.342653,35383.286669343164,46.097200801344925
2020-08-17,BUY,4.434429999999999,34630.19356555543,46.069550775871775
2020-08-21,SELL,4.3956,34630.19356555543,45.66614365102664
2020-08-24,BUY,4.442437999999999,34244.523826989185,45.63875218227665
2020-08-27,SELL,4.397598,34244.523826989185,45.17809484775599
2020-08-28,BUY,4.429424999999999,33978.071736523765,45.15099612046552
2020-09-08,SELL,4.367628,33978.071736523765,44.521073250734936
2020-09-21,BUY,4.451447,33318.28101302361,44.49436861817427
2020-09-22,SELL,4.3526430000000005,33318.28101302361,43.50677478701104
2020-10-12,BUY,4.401396999999999,32929.45289189594,43.480678551009625
2020-10-27,SELL,4.364631,32929.45289189594,43.1174732715026
2020-10-29,BUY,4.395390999999999,32679.3911670636,43.091610546357245
2020-11-02,SELL,4.386609,32679.3911670636,43.0055134223885
2020-11-04,BUY,4.481477,31968.41714833888,42.97971785300589
2020-12-10,SELL,4.637358000000001,31968.41714833888,44.47469850305595
2020-12-18,BUY,4.726722,31345.205470090357,44.44802168699893
2020-12-23,SELL,4.6673279999999995,31345.205470090357,43.88950654689175
2020-12-24,BUY,4.710706,31037.938361896973,43.863180740705474
2021-01-29,SELL,5.1058889999999995,31037.938361896973,47.54288041940632
2021-02-03,BUY,5.200195,30456.783028525286,47.51436324630661
2021-02-04,SELL,5.158836,30456.783028525286,47.13646461952358
2021-02-09,BUY,5.284279,29715.937420394155,47.1081912227709
2021-02-25,SELL,5.179815,29715.937420394155,46.17691751676568
2021-04-02,BUY,4.838833999999999,31790.867852054147,46.14921967560797
2021-04-12,SELL,4.72527,31790.867852054147,45.066130240582766
2021-04-20,BUY,4.779775,31409.497080168712,45.03909867190902
2021-05-07,SELL,4.772223,31409.497080168712,44.96793731532419
2021-05-13,BUY,4.72472,31706.26311875708,44.94096464473618
2021-05-14,SELL,4.719276,31706.26311875708,44.88918197581062
2021-05-17,BUY,4.831827,30949.13272919651,44.862256544254606
2021-06-15,SELL,4.939056,30949.13272919651,45.857849910280315
2021-06-28,BUY,4.986981999999999,30633.319211413207,45.83034345227155
2021-07-05,SELL,4.812183,30633.319211413207,44.223941382820804
2021-07-13,BUY,4.8878829999999995,30140.802590073727,44.19741497591319
2021-07-15,SELL,4.830165,30140.802590073727,43.67551492274504
2021-07-16,BUY,4.908904,29639.553943219853,43.64931747302631
2021-07-19,SELL,4.846149,29639.553943219853,43.091308410714284
2021-07-22,BUY,4.913908999999999,29213.30816923766,43.06546137977713
2021-07-26,SELL,4.836159,29213.30816923766,42.38406096672968
2021-08-11,BUY,4.806801999999999,29374.095401330982,42.35863815699256
2021-08-16,SELL,4.712282999999999,29374.095401330982,41.52571512002104
2021-09-07,BUY,4.708703999999999,29378.78955181443,41.500807163336034
2021-09-16,SELL,4.644351,29378.78955181443,40.93362319012767
2021-09-28,BUY,4.663658999999999,29239.60948692577,40.90907038205601
2021-09-29,SELL,4.621374,29239.60948692577,40.53815131590962
2021-10-11,BUY,4.7227179999999995,28594.999546023373,40.51383571979892
2021-10-13,SELL,4.644351,28594.999546023373,39.841564420971956
2021-10-14,BUY,4.711707,28169.314328225544,39.81766665165017
2021-10-19,SELL,4.639356,28169.314328225544,39.20624323336174
2021-10-20,BUY,4.708703999999999,27737.7997161774,39.18272654242901
2021-10-28,SELL,4.659336,27737.7997161774,38.77191863351254
2021-11-12,BUY,4.684679999999999,27571.191244072692,38.74866245918473
2021-11-17,SELL,4.652343,27571.191244072692,38.48119157580686
2021-11-22,BUY,4.682677999999999,27376.15084459399,38.4581097853985
2021-11-29,SELL,4.5993960000000005,27376.15084459399,37.77412760700667
2021-12-06,BUY,4.6906859999999995,26827.255777190694,37.75146992774625
2021-12-21,SELL,4.652343,26827.255777190694,37.4428786872668
2022-03-02,BUY,4.372368,28527.958379952845,37.42041969775129
2022-03-03,SELL,4.364631,28527.958379952845,37.35420345355559
2022-03-31,BUY,4.022017999999999,30939.52476362493,37.33179765322355
2022-04-01,SELL,3.962034,30939.52476362493,36.77503471719717
2022-04-06,BUY,4.026022,30429.521012625573,36.75297631388785
2022-04-08,SELL,3.983013,30429.521012625573,36.36035333311825
2022-04-11,BUY,3.9879839999999995,30373.361297353174,36.338543664019106
2022-04-12,SELL,3.878118,30373.361297353174,35.33744375033061
2022-05-18,BUY,3.7897859999999994,31062.65775333369,35.316247642912636
2022-07-12,SELL,4.156839,31062.65775333369,38.73674015781295
2022-08-12,BUY,4.035030999999999,31981.171135356293,38.71350508424034
2022-08-17,SELL,4.010985,31981.171135356293,38.48279931190412
2022-08-18,BUY,4.053049,31630.27518060552,38.4597165571434
2022-08-22,SELL,3.975021,31630.27518060552,37.71930242360572
2022-08-23,BUY,4.016011999999999,31288.649560467584,37.69667762958975
2022-08-25,SELL,3.928068,31288.649560467584,36.87118293050603
2022-09-14,BUY,3.916912999999999,31358.93568529624,36.849066855570214
2022-09-15,SELL,3.909087,31358.93568529624,36.77544234636829
2022-11-07,BUY,3.5925889999999994,34101.11175956468,36.7533836985548
2022-11-11,SELL,3.617379,34101.11175956468,37.0069936667107
2022-11-14,BUY,3.6806769999999998,33494.55922535606,36.98479612977176
2022-11-29,SELL,3.589407,33494.55922535606,36.06768160362228
2022-11-30,BUY,3.6806769999999998,32644.39982544491,36.04604748489572
2022-12-21,SELL,3.67632,32644.39982544491,36.00337798988389
2023-01-06,BUY,3.8128089999999997,31456.93235770478,35.9817824417544
2023-02-09,SELL,3.9060900000000003,31456.93235770478,36.86208267393212
2023-02-10,BUY,3.9749709999999996,30893.28371411405,36.83997205751269
2023-02-13,SELL,3.929067,30893.28371411405,36.41453446882888
2023-02-14,BUY,3.9879839999999995,30418.621121848366,36.39269230079799
2023-02-16,SELL,3.959037,30418.621121848366,36.12853395311375
2023-02-21,BUY,3.9809769999999993,30232.832571776267,36.10686333392764
2023-02-23,SELL,3.942054,30232.832571776267,35.753837571270275
2023-03-02,BUY,3.9569529999999995,30100.93178807713,35.73239170248814
2023-03-07,SELL,3.934062,30100.93178807713,35.52567957361988
2023-03-24,BUY,3.8698659999999996,30581.912102882656,35.50437055858022
2023-03-28,SELL,3.845151,30581.912102882656,35.2776209712934
2023-03-31,BUY,3.8918879999999993,30196.535928730038,35.256460746777975
2023-04-24,SELL,3.868128,30196.535928730038,35.041219838677996
2023-06-14,BUY,3.7257219999999998,31331.914916806916,35.020201412302704
2023-06-27,SELL,3.681315,31331.914916806916,34.60279450858951
2023-06-28,BUY,3.7097059999999997,31073.476854607332,34.58203905851938
2023-06-30,SELL,3.697299,31073.476854607332,34.466380470318846
2023-07-03,BUY,3.7367329999999996,30727.114517881906,34.445706844124516
2023-07-07,SELL,3.714282,30727.114517881906,34.238750509712226
2023-07-12,BUY,3.760757,30329.18941632687,34.218213420533154
2023-07-13,SELL,3.749247,30329.18941632687,34.11348672947858
2023-07-14,BUY,3.8068029999999995,29852.717863280497,34.09302477602693
2023-07-21,SELL,3.7272689999999997,29852.717863280497,33.38073295726549
2023-07-26,BUY,3.8268229999999996,29058.665220228413,33.36071052422104
2023-08-14,SELL,3.758238,29058.665220228413,32.76281395798223
2023-09-05,BUY,3.756753,29052.71490668076,32.7431621651453
2023-09-08,SELL,3.6543419999999998,29052.71490668076,31.85056688925287
2023-11-07,BUY,3.5385349999999995,29985.537593478613,31.831462280501945
2023-11-20,SELL,3.47652,29985.537593478613,31.273596346344075
2023-11-21,BUY,3.5014979999999998,29753.777588996996,31.254837816095336
2023-11-23,SELL,3.448548,29753.777588996996,30.782199059094122
2023-12-29,BUY,3.3343309999999997,30754.53044782973,30.76373527879276
2024-01-05,SELL,3.243753,30754.53044782973,29.928030121121704
2024-01-26,BUY,3.2432399999999997,30740.94494854819,29.910078688478823
2024-01-31,SELL,3.141855,30740.94494854819,28.97507747739626
2024-02-07,BUY,3.2252219999999996,29928.376656304164,28.957697644859582
2024-03-26,SELL,3.428568,29928.376656304164,30.783442348725433
2024-04-02,BUY,3.4984949999999997,29312.58328955167,30.764977822674012
2024-04-09,SELL,3.435561,29312.58328955167,30.21155038765062
2024-04-16,BUY,3.4394359999999997,29261.996146913014,30.193428893866166
2024-04-17,SELL,3.415581,29261.996146913014,29.984015418440784
2024-04-18,BUY,3.4594559999999994,28873.54775307048,29.96603040469385
2024-04-23,SELL,3.4325639999999997,28873.54775307048,29.73309017084118
2024-04-29,BUY,3.4924889999999995,28361.106426858518,29.7152556670898
2024-05-27,SELL,3.513483,28361.106426858518,29.893879587587442
2024-07-12,BUY,3.4264229999999998,29064.273577352076,29.875948639119425
2024-07-24,SELL,3.403593,29064.273577352076,29.67688742938814
2024-08-01,BUY,3.417414,28929.366510435648,29.659086637168176
2024-08-02,SELL,3.3686279999999997,28929.366510435648,29.23568221479474
2024-09-02,BUY,3.296293,29546.469388805755,29.218146066310407
2024-09-03,SELL,3.238758,29546.469388805755,28.708159231424922
2024-09-25,BUY,3.4044009999999996,28092.009433088675,28.690939501804948
2024-10-31,SELL,3.877119,28092.009433088675,32.674819056362196
2024-11-05,BUY,3.9399359999999994,27627.538488469447,32.655220044631896
2024-11-18,SELL,3.9790170000000002,27627.538488469447,32.97913359413227
2024-12-09,BUY,3.969966,27673.916307628748,32.9593520484395
2024-12-16,SELL,3.92607,27673.916307628748,32.59491977936759
2024-12-19,BUY,3.9159119999999996,27729.060895500163,32.57536869282595
2024-12-23,SELL,3.925071,27729.060895500163,32.651559833448516
2024-12-25,BUY,3.9879839999999995,27275.24715333743,32.63197477306656
2025-01-02,SELL,3.928068,27275.24715333743,32.141707660534756
2025-01-27,BUY,3.8518479999999995,27798.28316149434,32.12242841971069
2025-02-06,SELL,3.792204,27798.28316149434,31.62502817944544
2025-02-07,BUY,3.848845,27372.764949255867,31.606058853335604
2025-03-03,SELL,3.903093,27372.764949255867,32.051534179225776
2025-03-07,BUY,3.9559519999999995,26990.81369563647,32.03230902626414
2025-03-11,SELL,3.902094,26990.81369563647,31.596207653058265
2025-03-12,BUY,3.95395,26620.85223980924,31.577255614078116
2025-03-13,SELL,3.932064,26620.85223980924,31.40246842244198
2025-03-17,BUY,4.03403,25932.407205811243,31.383632592137612
2025-03-24,SELL,3.9170789999999998,25932.407205811243,30.473786305599564
2025-04-25,BUY,3.8027989999999994,26695.69398527476,30.455507517452652
2025-05-28,SELL,3.855141,26695.69398527476,30.874699321825837
2025-06-06,BUY,3.9028989999999997,26353.214245796855,30.856180058011883
2025-06-11,SELL,3.882114,26353.214245796855,30.69185459058222
2025-06-12,BUY,3.9139099999999996,26123.44603453226,30.67344500070484
2025-06-16,SELL,3.882114,26123.44603453226,30.424258673670646
2025-06-17,BUY,3.906903,25942.124826399657,30.406009593190582
2025-06-20,SELL,3.868128,25942.124826399657,30.104237826147493
2025-06-24,BUY,3.8998959999999996,25715.370102680925,30.086180700589473
2025-08-04,SELL,4.117878,25715.370102680925,31.76782704230626
2025-08-05,BUY,4.158154,25451.015091933263,31.748772062574794
2025-10-15,SELL,4.643351999999999,25451.015091933263,35.45340654874754
2025-10-16,BUY,4.693688999999999,25162.965906289322,35.43214088451756
2025-10-20,SELL,4.646349,25162.965906289322,35.07477644271644
2025-10-22,BUY,4.69469,24888.926204156258,35.053737888417096
2025-11-05,SELL,4.687308,24888.926204156258,34.99861887244538
2025-11-07,BUY,4.79479,24316.411493158164,34.977625998983946
2025-11-17,SELL,4.72527,24316.411493158164,34.47048292088264
2025-12-08,BUY,4.715711,24351.08713119202,34.44980683395619
2025-12-17,SELL,4.614381,24351.08713119202,33.70955813625509
2025-12-18,BUY,4.687682999999999,23955.92767064528,33.689338467274034
